insert into flight_schedule(id, arrival_time, departure_time)
values (1, '2023-04-20 11:31:14.982873', '2023-04-20 11:31:14.982873'),
       (2, '2023-04-20 11:31:14.982873', '2023-04-20 11:31:14.982873'),
       (3, '2023-04-20 11:31:14.982873', '2023-04-20 11:31:14.982873'),
       (4, '2023-04-20 11:31:14.982873', '2023-04-20 11:31:14.982873'),
       (5, '2023-04-20 11:31:14.982873', '2023-04-20 11:31:14.982873'),
       (6, '2023-04-20 11:31:14.982873', '2023-04-20 11:31:14.982873'),
       (7, '2023-04-20 11:31:14.982873', '2023-04-20 11:31:14.982873'),
       (9, '2023-04-20 11:31:14.982873', '2023-04-20 11:31:14.982873'),
       (10, '2023-04-20 11:31:14.982873', '2023-04-20 11:31:14.982873'),
       (11, '2023-04-20 11:31:14.982873', '2023-04-20 11:31:14.982873');

insert into way_point(id, altitude, latitude, longitude, flight_schedule_id)
values (1, 100, 128.601445, 35.871435, 1),
       (2, 200, 128.601445, 35.871435, 1),
       (3, 300, 128.601445, 35.871435, 1),
       (4, 400, 128.601445, 35.871435, 1),
       (5, 500, 128.601445, 35.871435, 1),
       (6, 600, 128.601445, 35.871435, 2),
       (7, 700, 128.601445, 35.871435, 2),
       (8, 800, 128.601445, 35.871435, 2),
       (9, 900, 128.601445, 35.871435, 2),
       (10, 1000, 128.601445, 35.871435, 2);

insert into vertiport(id, latitude, longitude, name, flight_schedule_id, vertiports_key)
values (1, 128.601445, 35.871435, 'vertiport-A', 1, 'DEPARTURE'),
       (2, 128.601445, 35.871435, 'vertiport-B', 1, 'ARRIVAL'),
       (3, 128.601445, 35.871435, 'vertiport-A', 2, 'DEPARTURE'),
       (4, 128.601445, 35.871435, 'vertiport-C', 2, 'ARRIVAL');

-- <UAM> --
insert into uam (id, flight_schedule_id, uam_identifier)
values (1, 1, 'BKDG001'),
       (2, 2, 'DGBK001'),
       (3, 3, 'JGBK001'),
       (4, 4, 'NGDS001'),
       (5, 5, 'SSDG001'),
       (6, 6, 'DSBK001'),
       (7, 7, 'NGBK001'),
       (9, 9, 'DSDS001'),
       (10, 10, 'SSNG001'),
       (11, 11, 'DSDS002');

insert into real_time_point(id, altitude, latitude, longitude, time, uam_id)
values
    -- 경북대학교 대운동장 -> 동대구역 광장 --
    (201, 200, 35.887983, 128.606638, '2025-05-25 14:00:00', 1),
    (202, 250, 35.88757128571429, 128.60763885714286, '2025-05-25 14:00:05', 1),
    (203, 300, 35.88715957142857, 128.60863971428572, '2025-05-25 14:00:10', 1),
    (204, 350, 35.88674785714286, 128.60964057142857, '2025-05-25 14:00:15', 1),
    (205, 400, 35.88633614285714, 128.61064142857143, '2025-05-25 14:00:20', 1),
    (206, 450, 35.88592442857143, 128.61164228571428, '2025-05-25 14:00:25', 1),
    (207, 500, 35.88551271428571, 128.61264314285714, '2025-05-25 14:00:30', 1),
    (208, 500, 35.885101, 128.613644, '2025-05-25 14:00:35', 1),
    (209, 500, 35.88468928571429, 128.61464485714285, '2025-05-25 14:00:40', 1),
    (210, 520, 35.88427757142857, 128.6156457142857, '2025-05-25 14:00:45', 1),
    (211, 510, 35.88386585714286, 128.61664657142856, '2025-05-25 14:00:50', 1),
    (212, 500, 35.88345414285714, 128.61764742857144, '2025-05-25 14:00:55', 1),
    (213, 500, 35.88304242857143, 128.6186482857143, '2025-05-25 14:01:00', 1),
    (214, 500, 35.88263071428571, 128.61964914285716, '2025-05-25 14:01:05', 1),
    (215, 520, 35.882219, 128.62065, '2025-05-25 14:01:10', 1),
    (216, 515, 35.88180728571429, 128.62165085714287, '2025-05-25 14:01:15', 1),
    (217, 450, 35.88139557142857, 128.62265171428572, '2025-05-25 14:01:20', 1),
    (218, 440, 35.88098385714286, 128.62365257142858, '2025-05-25 14:01:25', 1),
    (219, 400, 35.88057214285714, 128.62465342857143, '2025-05-25 14:01:30', 1),
    (220, 340, 35.88016042857143, 128.6256542857143, '2025-05-25 14:01:35', 1),
    (221, 200, 128.627656, 35.879337, '2025-05-25 14:01:45', 1),

    -- 동대구역 광장 -> 경북대학교 병원 --
    (1, 200, 35.879337, 128.627656, '2025-05-25 14:00:00', 2),
    (2, 250, 35.88008387254902, 128.62703526470588, '2025-05-25 14:00:05', 2),
    (3, 290, 35.88083074509804, 128.62641452941176, '2025-05-25 14:00:10', 2),
    (4, 320, 35.88157761764706, 128.62579379411764, '2025-05-25 14:00:15', 2),
    (5, 350, 35.882324490196076, 128.62517305882352, '2025-05-25 14:00:20', 2),
    (6, 350, 35.8830713627451, 128.6245523235294, '2025-05-25 14:00:25', 2),
    (7, 350, 35.883818235294115, 128.6239315882353, '2025-05-25 14:00:30', 2),
    (8, 370, 35.88456510784314, 128.6233108529412, '2025-05-25 14:00:35', 2),
    (9, 400, 35.88531198039215, 128.62269011764707, '2025-05-25 14:00:40', 2),
    (10, 400, 35.886058852941176, 128.62206938235295, '2025-05-25 14:00:45', 2),
    (11, 430, 35.8868057254902, 128.62144864705883, '2025-05-25 14:00:50', 2),
    (12, 430, 35.887552598039214, 128.6208279117647, '2025-05-25 14:00:55', 2),
    (13, 430, 35.88829947058824, 128.6202071764706, '2025-05-25 14:01:00', 2),
    (14, 430, 35.88904634313725, 128.61958644117647, '2025-05-25 14:01:05', 2),
    (15, 450, 35.889793215686275, 128.61896570588235, '2025-05-25 14:01:10', 2),
    (16, 450, 35.89054008823529, 128.61834497058823, '2025-05-25 14:01:15', 2),
    (17, 470, 35.89128696078431, 128.61772423529413, '2025-05-25 14:01:20', 2),
    (18, 470, 35.89203383333333, 128.6171035, '2025-05-25 14:01:25', 2),
    (19, 470, 35.89278070588235, 128.6164827647059, '2025-05-25 14:01:30', 2),
    (20, 470, 35.893527578431375, 128.61586202941177, '2025-05-25 14:01:35', 2),
    (21, 500, 35.89427445098039, 128.61524129411765, '2025-05-25 14:01:40', 2),
    (22, 500, 35.89502132352941, 128.61462055882353, '2025-05-25 14:01:45', 2),
    (23, 500, 35.89576819607843, 128.6139998235294, '2025-05-25 14:01:50', 2),
    (24, 500, 35.89651506862745, 128.6133790882353, '2025-05-25 14:01:55', 2),
    (25, 500, 35.89726194117647, 128.61275835294117, '2025-05-25 14:02:00', 2),
    (26, 515, 35.89800881372549, 128.61213761764705, '2025-05-25 14:02:05', 2),
    (27, 510, 35.89875568627451, 128.61151688235296, '2025-05-25 14:02:10', 2),
    (28, 515, 35.89950255882353, 128.61089614705884, '2025-05-25 14:02:15', 2),
    (29, 515, 35.90024943137255, 128.61027541176472, '2025-05-25 14:02:20', 2),
    (30, 515, 35.900996303921566, 128.6096546764706, '2025-05-25 14:02:25', 2),
    (31, 515, 35.90174317647059, 128.60903394117648, '2025-05-25 14:02:30', 2),
    (32, 520, 35.902490049019605, 128.60841320588236, '2025-05-25 14:02:35', 2),
    (33, 520, 35.90323692156863, 128.60779247058824, '2025-05-25 14:02:40', 2),
    (34, 520, 35.90398379411764, 128.60717173529412, '2025-05-25 14:02:45', 2),
    (35, 520, 35.904730666666666, 128.606551, '2025-05-25 14:02:50', 2),
    (36, 520, 35.90547753921569, 128.60593026470588, '2025-05-25 14:02:55', 2),
    (37, 520, 35.906224411764704, 128.60530952941178, '2025-05-25 14:03:00', 2),
    (38, 530, 35.90697128431373, 128.60468879411766, '2025-05-25 14:03:05', 2),
    (39, 540, 35.90771815686274, 128.60406805882354, '2025-05-25 14:03:10', 2),
    (40, 550, 35.908465029411765, 128.60344732352942, '2025-05-25 14:03:15', 2),
    (41, 550, 35.90921190196078, 128.6028265882353, '2025-05-25 14:03:20', 2),
    (42, 550, 35.9099587745098, 128.60220585294118, '2025-05-25 14:03:25', 2),
    (43, 550, 35.91070564705882, 128.60158511764706, '2025-05-25 14:03:30', 2),
    (44, 550, 35.91145251960784, 128.60096438235294, '2025-05-25 14:03:35', 2),
    (45, 550, 35.912199392156865, 128.60034364705882, '2025-05-25 14:03:40', 2),
    (46, 550, 35.91294626470588, 128.5997229117647, '2025-05-25 14:03:45', 2),
    (47, 550, 35.9136931372549, 128.5991021764706, '2025-05-25 14:03:50', 2),
    (48, 550, 35.91444000980392, 128.5984814411765, '2025-05-25 14:03:55', 2),
    (49, 550, 35.91518688235294, 128.59786070588237, '2025-05-25 14:04:00', 2),
    (50, 545, 35.91593375490196, 128.59723997058825, '2025-05-25 14:04:05', 2),
    (51, 545, 35.91668062745098, 128.59661923529413, '2025-05-25 14:04:10', 2),
    (52, 544, 35.9174275, 128.5959985, '2025-05-25 14:04:15', 2),
    (53, 543, 35.91817437254902, 128.5953777647059, '2025-05-25 14:04:20', 2),
    (54, 545, 35.91892124509804, 128.59475702941177, '2025-05-25 14:04:25', 2),
    (55, 545, 35.919668117647056, 128.59413629411765, '2025-05-25 14:04:30', 2),
    (56, 545, 35.92041499019608, 128.59351555882353, '2025-05-25 14:04:35', 2),
    (57, 545, 35.921161862745095, 128.5928948235294, '2025-05-25 14:04:40', 2),
    (58, 550, 35.92190873529412, 128.5922740882353, '2025-05-25 14:04:45', 2),
    (59, 550, 35.92265560784313, 128.5916533529412, '2025-05-25 14:04:50', 2),
    (60, 550, 35.923402480392156, 128.59103261764707, '2025-05-25 14:04:55', 2),
    (61, 530, 35.92414935294118, 128.59041188235295, '2025-05-25 14:05:00', 2),
    (62, 534, 35.924896225490194, 128.58979114705883, '2025-05-25 14:05:05', 2),
    (63, 530, 35.92564309803922, 128.5891704117647, '2025-05-25 14:05:10', 2),
    (64, 530, 35.92638997058823, 128.5885496764706, '2025-05-25 14:05:15', 2),
    (65, 530, 35.927136843137255, 128.58792894117647, '2025-05-25 14:05:20', 2),
    (66, 530, 35.92788371568627, 128.58730820588235, '2025-05-25 14:05:25', 2),
    (67, 530, 35.92863058823529, 128.58668747058823, '2025-05-25 14:05:30', 2),
    (68, 530, 35.92937746078431, 128.58606673529414, '2025-05-25 14:05:35', 2),
    (69, 532, 35.93012433333333, 128.58544600000002, '2025-05-25 14:05:40', 2),
    (70, 530, 35.930871205882355, 128.5848252647059, '2025-05-25 14:05:45', 2),
    (71, 530, 35.93161807843137, 128.58420452941178, '2025-05-25 14:05:50', 2),
    (72, 540, 35.93236495098039, 128.58358379411766, '2025-05-25 14:05:55', 2),
    (73, 540, 35.93311182352941, 128.58296305882354, '2025-05-25 14:06:00', 2),
    (74, 540, 35.93385869607843, 128.58234232352942, '2025-05-25 14:06:05', 2),
    (75, 540, 35.93460556862745, 128.5817215882353, '2025-05-25 14:06:10', 2),
    (76, 540, 35.93535244117647, 128.58110085294118, '2025-05-25 14:06:15', 2),
    (77, 530, 35.936099313725485, 128.58048011764706, '2025-05-25 14:06:20', 2),
    (78, 530, 35.93684618627451, 128.57985938235296, '2025-05-25 14:06:25', 2),
    (79, 520, 35.93759305882353, 128.57923864705884, '2025-05-25 14:06:30', 2),
    (80, 510, 35.938339931372546, 128.57861791176472, '2025-05-25 14:06:35', 2),
    (81, 500, 35.93908680392157, 128.5779971764706, '2025-05-25 14:06:40', 2),
    (82, 502, 35.939833676470585, 128.57737644117648, '2025-05-25 14:06:45', 2),
    (83, 500, 35.94058054901961, 128.57675570588236, '2025-05-25 14:06:50', 2),
    (84, 500, 35.94132742156862, 128.57613497058824, '2025-05-25 14:06:55', 2),
    (85, 500, 35.942074294117646, 128.57551423529412, '2025-05-25 14:07:00', 2),
    (86, 500, 35.94282116666666, 128.5748935, '2025-05-25 14:07:05', 2),
    (87, 500, 35.943568039215684, 128.57427276470588, '2025-05-25 14:07:10', 2),
    (88, 495, 35.94431491176471, 128.5736520294118, '2025-05-25 14:07:15', 2),
    (89, 490, 35.94506178431372, 128.57303129411767, '2025-05-25 14:07:20', 2),
    (90, 487, 35.945808656862745, 128.57241055882355, '2025-05-25 14:07:25', 2),
    (91, 480, 35.94655552941176, 128.57178982352943, '2025-05-25 14:07:30', 2),
    (92, 475, 35.94730240196078, 128.5711690882353, '2025-05-25 14:07:35', 2),
    (93, 477, 35.9480492745098, 128.5705483529412, '2025-05-25 14:07:40', 2),
    (94, 470, 35.94879614705882, 128.56992761764707, '2025-05-25 14:07:45', 2),
    (95, 450, 35.949543019607844, 128.56930688235295, '2025-05-25 14:07:50', 2),
    (96, 410, 35.95028989215686, 128.56868614705883, '2025-05-25 14:07:55', 2),
    (97, 380, 35.95103676470588, 128.5680654117647, '2025-05-25 14:08:00', 2),
    (98, 370, 35.9517836372549, 128.56744467647061, '2025-05-25 14:08:05', 2),
    (99, 340, 35.95253050980392, 128.5668239411765, '2025-05-25 14:08:10', 2),
    (100, 320, 35.95327738235294, 128.56620320588237, '2025-05-25 14:08:15', 2),
    (101, 260, 35.95402425490196, 128.56558247058825, '2025-05-25 14:08:20', 2),
    (102, 220, 35.954771127450975, 128.56496173529413, '2025-05-25 14:08:25', 2),
    (103, 200, 35.955518, 128.564341, '2025-05-25 14:08:30', 2),

    -- 반월당역 → 경북대학교 대운동장 --
    (301, 200, 35.865859, 128.593183, '2025-05-25 14:00:00', 3),
    (302, 240, 35.866678407407406, 128.59368133333334, '2025-05-25 14:00:05', 3),
    (303, 280, 35.86749781481482, 128.5941796666667, '2025-05-25 14:00:10', 3),
    (304, 300, 35.868317222222224, 128.59467800000002, '2025-05-25 14:00:15', 3),
    (305, 340, 35.86913662962963, 128.59517633333334, '2025-05-25 14:00:20', 3),
    (306, 350, 35.869956037037035, 128.59567466666667, '2025-05-25 14:00:25', 3),
    (307, 380, 35.87077544444445, 128.59617300000002, '2025-05-25 14:00:30', 3),
    (308, 400, 35.87159485185185, 128.59667133333335, '2025-05-25 14:00:35', 3),
    (309, 420, 35.87241425925926, 128.59716966666667, '2025-05-25 14:00:40', 3),
    (310, 420, 35.873233666666664, 128.597668, '2025-05-25 14:00:45', 3),
    (311, 420, 35.87405307407408, 128.59816633333335, '2025-05-25 14:00:50', 3),
    (312, 450, 35.87487248148148, 128.59866466666668, '2025-05-25 14:00:55', 3),
    (313, 450, 35.87569188888889, 128.599163, '2025-05-25 14:01:00', 3),
    (314, 445, 35.87651129629629, 128.59966133333333, '2025-05-25 14:01:05', 3),
    (315, 443, 35.877330703703706, 128.60015966666668, '2025-05-25 14:01:10', 3),
    (316, 450, 35.87815011111111, 128.600658, '2025-05-25 14:01:15', 3),
    (317, 450, 35.87896951851852, 128.60115633333334, '2025-05-25 14:01:20', 3),
    (318, 450, 35.87978892592592, 128.60165466666666, '2025-05-25 14:01:25', 3),
    (319, 440, 35.880608333333335, 128.60215300000002, '2025-05-25 14:01:30', 3),
    (320, 450, 35.88142774074074, 128.60265133333334, '2025-05-25 14:01:35', 3),
    (321, 435, 35.882247148148146, 128.60314966666667, '2025-05-25 14:01:40', 3),
    (322, 400, 35.88306655555555, 128.603648, '2025-05-25 14:01:45', 3),
    (323, 370, 35.883885962962964, 128.60414633333335, '2025-05-25 14:01:50', 3),
    (324, 342, 35.88470537037037, 128.60464466666667, '2025-05-25 14:01:55', 3),
    (325, 304, 35.885524777777775, 128.605143, '2025-05-25 14:02:00', 3),
    (326, 287, 35.88634418518518, 128.60564133333332, '2025-05-25 14:02:05', 3),
    (327, 243, 35.88716359259259, 128.60613966666668, '2025-05-25 14:02:10', 3),
    (328, 195, 35.887983, 128.606638, '2025-05-25 14:02:15', 3),

    -- 영남대학교 병원 → 계명대학교 동산병원 --
    (401, 183, 35.846501, 128.586149, '2025-05-25 14:00:00', 4),
    (402, 204, 35.84742756, 128.58602484, '2025-05-25 14:00:05', 4),
    (403, 248, 35.84835412, 128.58590068, '2025-05-25 14:00:10', 4),
    (404, 275, 35.84928068, 128.58577652, '2025-05-25 14:00:15', 4),
    (405, 298, 35.85020724, 128.58565236, '2025-05-25 14:00:20', 4),
    (406, 330, 35.8511338, 128.5855282, '2025-05-25 14:00:25', 4),
    (407, 352, 35.85206036, 128.58540404000001, '2025-05-25 14:00:30', 4),
    (408, 380, 35.85298692, 128.58527988, '2025-05-25 14:00:35', 4),
    (409, 400, 35.85391348, 128.58515572000002, '2025-05-25 14:00:40', 4),
    (410, 402, 35.85484004, 128.58503156, '2025-05-25 14:00:45', 4),
    (411, 405, 35.8557666, 128.5849074, '2025-05-25 14:00:50', 4),
    (412, 405, 35.85669316, 128.58478324, '2025-05-25 14:00:55', 4),
    (413, 402, 35.85761972, 128.58465908, '2025-05-25 14:01:00', 4),
    (414, 400, 35.85854628, 128.58453492, '2025-05-25 14:01:05', 4),
    (415, 400, 35.85947284, 128.58441076, '2025-05-25 14:01:10', 4),
    (416, 400, 35.8603994, 128.5842866, '2025-05-25 14:01:15', 4),
    (417, 407, 35.86132596, 128.58416244, '2025-05-25 14:01:20', 4),
    (418, 384, 35.86225252, 128.58403828, '2025-05-25 14:01:25', 4),
    (419, 361, 35.86317908, 128.58391412, '2025-05-25 14:01:30', 4),
    (420, 340, 35.86410564, 128.58378996, '2025-05-25 14:01:35', 4),
    (421, 314, 35.8650322, 128.5836658, '2025-05-25 14:01:40', 4),
    (422, 287, 35.86595876, 128.58354164, '2025-05-25 14:01:45', 4),
    (423, 250, 35.86688532, 128.58341748, '2025-05-25 14:01:50', 4),
    (424, 228, 35.86781188, 128.58329332, '2025-05-25 14:01:55', 4),
    (425, 200, 35.86873844, 128.58316916, '2025-05-25 14:02:00', 4),
    (426, 150, 35.869665, 128.583045, '2025-05-25 14:02:05', 4),

    -- 수성못 → 동대구역 광장  --
    (501, 153, 35.828633, 128.61375, '2025-05-25 14:00:00', 5),
    (502, 175, 35.82952254385965, 128.61399396491228, '2025-05-25 14:00:05', 5),
    (503, 220, 35.8304120877193, 128.61423792982458, '2025-05-25 14:00:10', 5),
    (504, 250, 35.83130163157895, 128.61448189473685, '2025-05-25 14:00:15', 5),
    (505, 277, 35.8321911754386, 128.61472585964913, '2025-05-25 14:00:20', 5),
    (506, 300, 35.83308071929825, 128.6149698245614, '2025-05-25 14:00:25', 5),
    (507, 303, 35.833970263157894, 128.6152137894737, '2025-05-25 14:00:30', 5),
    (508, 300, 35.834859807017544, 128.61545775438597, '2025-05-25 14:00:35', 5),
    (509, 305, 35.835749350877194, 128.61570171929824, '2025-05-25 14:00:40', 5),
    (510, 330, 35.83663889473684, 128.61594568421054, '2025-05-25 14:00:45', 5),
    (511, 330, 35.83752843859649, 128.61618964912282, '2025-05-25 14:00:50', 5),
    (512, 335, 35.83841798245614, 128.6164336140351, '2025-05-25 14:00:55', 5),
    (513, 370, 35.83930752631579, 128.6166775789474, '2025-05-25 14:01:00', 5),
    (514, 400, 35.84019707017544, 128.61692154385966, '2025-05-25 14:01:05', 5),
    (515, 403, 35.84108661403509, 128.61716550877193, '2025-05-25 14:01:10', 5),
    (516, 400, 35.84197615789474, 128.6174094736842, '2025-05-25 14:01:15', 5),
    (517, 420, 35.84286570175439, 128.6176534385965, '2025-05-25 14:01:20', 5),
    (518, 440, 35.84375524561404, 128.61789740350878, '2025-05-25 14:01:25', 5),
    (519, 450, 35.84464478947368, 128.61814136842105, '2025-05-25 14:01:30', 5),
    (520, 454, 35.84553433333333, 128.61838533333335, '2025-05-25 14:01:35', 5),
    (521, 453, 35.84642387719298, 128.61862929824562, '2025-05-25 14:01:40', 5),
    (522, 454, 35.84731342105263, 128.6188732631579, '2025-05-25 14:01:45', 5),
    (523, 455, 35.84820296491228, 128.6191172280702, '2025-05-25 14:01:50', 5),
    (524, 460, 35.84909250877193, 128.61936119298247, '2025-05-25 14:01:55', 5),
    (525, 480, 35.84998205263158, 128.61960515789474, '2025-05-25 14:02:00', 5),
    (526, 490, 35.85087159649123, 128.619849122807, '2025-05-25 14:02:05', 5),
    (527, 500, 35.85176114035088, 128.6200930877193, '2025-05-25 14:02:10', 5),
    (528, 530, 35.85265068421053, 128.62033705263158, '2025-05-25 14:02:15', 5),
    (529, 550, 35.85354022807018, 128.62058101754386, '2025-05-25 14:02:20', 5),
    (530, 545, 35.85442977192982, 128.62082498245616, '2025-05-25 14:02:25', 5),
    (531, 555, 35.85531931578947, 128.62106894736843, '2025-05-25 14:02:30', 5),
    (532, 560, 35.85620885964912, 128.6213129122807, '2025-05-25 14:02:35', 5),
    (533, 550, 35.85709840350877, 128.621556877193, '2025-05-25 14:02:40', 5),
    (534, 550, 35.85798794736842, 128.62180084210527, '2025-05-25 14:02:45', 5),
    (535, 550, 35.85887749122807, 128.62204480701755, '2025-05-25 14:02:50', 5),
    (536, 550, 35.85976703508772, 128.62228877192982, '2025-05-25 14:02:55', 5),
    (537, 545, 35.86065657894737, 128.62253273684212, '2025-05-25 14:03:00', 5),
    (538, 530, 35.86154612280702, 128.6227767017544, '2025-05-25 14:03:05', 5),
    (539, 530, 35.86243566666667, 128.62302066666666, '2025-05-25 14:03:10', 5),
    (540, 530, 35.86332521052632, 128.62326463157896, '2025-05-25 14:03:15', 5),
    (541, 530, 35.86421475438596, 128.62350859649123, '2025-05-25 14:03:20', 5),
    (542, 500, 35.86510429824561, 128.6237525614035, '2025-05-25 14:03:25', 5),
    (543, 485, 35.86599384210526, 128.6239965263158, '2025-05-25 14:03:30', 5),
    (544, 471, 35.86688338596491, 128.62424049122808, '2025-05-25 14:03:35', 5),
    (545, 452, 35.86777292982456, 128.62448445614035, '2025-05-25 14:03:40', 5),
    (546, 428, 35.86866247368421, 128.62472842105262, '2025-05-25 14:03:45', 5),
    (547, 392, 35.86955201754386, 128.62497238596492, '2025-05-25 14:03:50', 5),
    (548, 350, 35.87044156140351, 128.6252163508772, '2025-05-25 14:03:55', 5),
    (549, 343, 35.87133110526316, 128.62546031578947, '2025-05-25 14:04:00', 5),
    (550, 310, 35.87222064912281, 128.62570428070177, '2025-05-25 14:04:05', 5),
    (551, 313, 35.87311019298246, 128.62594824561404, '2025-05-25 14:04:10', 5),
    (552, 310, 35.87399973684211, 128.6261922105263, '2025-05-25 14:04:15', 5),
    (553, 280, 35.87488928070175, 128.6264361754386, '2025-05-25 14:04:20', 5),
    (554, 277, 35.8757788245614, 128.62668014035089, '2025-05-25 14:04:25', 5),
    (555, 280, 35.87666836842105, 128.62692410526316, '2025-05-25 14:04:30', 5),
    (556, 240, 35.8775579122807, 128.62716807017543, '2025-05-25 14:04:35', 5),
    (557, 220, 35.87844745614035, 128.62741203508773, '2025-05-25 14:04:40', 5),
    (558, 197, 35.879337, 128.627656, '2025-05-25 14:04:45', 5),

    -- 상인역 → 경북대학교 대운동장  --
    (601, 140, 35.818792, 128.538491, '2025-05-25 14:00:00', 6),
    (602, 203, 35.819498030612245, 128.539186377551, '2025-05-25 14:00:05', 6),
    (603, 240, 35.820204061224494, 128.53988175510204, '2025-05-25 14:00:10', 6),
    (604, 245, 35.82091009183674, 128.54057713265306, '2025-05-25 14:00:15', 6),
    (605, 250, 35.82161612244898, 128.54127251020407, '2025-05-25 14:00:20', 6),
    (606, 270, 35.82232215306123, 128.5419678877551, '2025-05-25 14:00:25', 6),
    (607, 293, 35.82302818367347, 128.54266326530612, '2025-05-25 14:00:30', 6),
    (608, 305, 35.823734214285714, 128.54335864285713, '2025-05-25 14:00:35', 6),
    (609, 330, 35.824440244897964, 128.54405402040817, '2025-05-25 14:00:40', 6),
    (610, 345, 35.82514627551021, 128.54474939795918, '2025-05-25 14:00:45', 6),
    (611, 356, 35.82585230612245, 128.5454447755102, '2025-05-25 14:00:50', 6),
    (612, 389, 35.82655833673469, 128.54614015306123, '2025-05-25 14:00:55', 6),
    (613, 400, 35.82726436734694, 128.54683553061224, '2025-05-25 14:01:00', 6),
    (614, 408, 35.827970397959184, 128.54753090816325, '2025-05-25 14:01:05', 6),
    (615, 420, 35.82867642857143, 128.5482262857143, '2025-05-25 14:01:10', 6),
    (616, 440, 35.82938245918368, 128.5489216632653, '2025-05-25 14:01:15', 6),
    (617, 473, 35.83008848979592, 128.54961704081632, '2025-05-25 14:01:20', 6),
    (618, 480, 35.83079452040816, 128.55031241836735, '2025-05-25 14:01:25', 6),
    (619, 480, 35.83150055102041, 128.55100779591837, '2025-05-25 14:01:30', 6),
    (620, 480, 35.832206581632654, 128.55170317346938, '2025-05-25 14:01:35', 6),
    (621, 484, 35.8329126122449, 128.55239855102042, '2025-05-25 14:01:40', 6),
    (622, 480, 35.83361864285715, 128.55309392857143, '2025-05-25 14:01:45', 6),
    (623, 480, 35.83432467346939, 128.55378930612244, '2025-05-25 14:01:50', 6),
    (624, 491, 35.83503070408163, 128.55448468367348, '2025-05-25 14:01:55', 6),
    (625, 500, 35.83573673469388, 128.5551800612245, '2025-05-25 14:02:00', 6),
    (626, 500, 35.836442765306124, 128.5558754387755, '2025-05-25 14:02:05', 6),
    (627, 500, 35.83714879591837, 128.5565708163265, '2025-05-25 14:02:10', 6),
    (628, 512, 35.83785482653062, 128.55726619387755, '2025-05-25 14:02:15', 6),
    (629, 515, 35.83856085714286, 128.55796157142856, '2025-05-25 14:02:20', 6),
    (630, 510, 35.8392668877551, 128.55865694897957, '2025-05-25 14:02:25', 6),
    (631, 515, 35.839972918367344, 128.55935232653061, '2025-05-25 14:02:30', 6),
    (632, 518, 35.840678948979594, 128.56004770408163, '2025-05-25 14:02:35', 6),
    (633, 520, 35.84138497959184, 128.56074308163264, '2025-05-25 14:02:40', 6),
    (634, 520, 35.84209101020408, 128.56143845918368, '2025-05-25 14:02:45', 6),
    (635, 520, 35.84279704081633, 128.5621338367347, '2025-05-25 14:02:50', 6),
    (636, 525, 35.84350307142857, 128.5628292142857, '2025-05-25 14:02:55', 6),
    (637, 523, 35.844209102040814, 128.56352459183674, '2025-05-25 14:03:00', 6),
    (638, 525, 35.844915132653064, 128.56421996938775, '2025-05-25 14:03:05', 6),
    (639, 525, 35.84562116326531, 128.56491534693876, '2025-05-25 14:03:10', 6),
    (640, 525, 35.84632719387755, 128.5656107244898, '2025-05-25 14:03:15', 6),
    (641, 530, 35.8470332244898, 128.5663061020408, '2025-05-25 14:03:20', 6),
    (642, 534, 35.84773925510204, 128.56700147959182, '2025-05-25 14:03:25', 6),
    (643, 530, 35.848445285714284, 128.56769685714286, '2025-05-25 14:03:30', 6),
    (644, 530, 35.849151316326534, 128.56839223469387, '2025-05-25 14:03:35', 6),
    (645, 545, 35.84985734693878, 128.56908761224489, '2025-05-25 14:03:40', 6),
    (646, 550, 35.85056337755102, 128.56978298979593, '2025-05-25 14:03:45', 6),
    (647, 553, 35.85126940816327, 128.57047836734694, '2025-05-25 14:03:50', 6),
    (648, 550, 35.85197543877551, 128.57117374489795, '2025-05-25 14:03:55', 6),
    (649, 550, 35.852681469387754, 128.571869122449, '2025-05-25 14:04:00', 6),
    (650, 570, 35.8533875, 128.5725645, '2025-05-25 14:04:05', 6),
    (651, 570, 35.854093530612246, 128.573259877551, '2025-05-25 14:04:10', 6),
    (652, 570, 35.85479956122449, 128.57395525510205, '2025-05-25 14:04:15', 6),
    (653, 570, 35.85550559183673, 128.57465063265306, '2025-05-25 14:04:20', 6),
    (654, 570, 35.85621162244898, 128.57534601020407, '2025-05-25 14:04:25', 6),
    (655, 570, 35.856917653061224, 128.5760413877551, '2025-05-25 14:04:30', 6),
    (656, 570, 35.85762368367347, 128.57673676530612, '2025-05-25 14:04:35', 6),
    (657, 564, 35.858329714285716, 128.57743214285713, '2025-05-25 14:04:40', 6),
    (658, 561, 35.85903574489796, 128.57812752040817, '2025-05-25 14:04:45', 6),
    (659, 552, 35.8597417755102, 128.57882289795918, '2025-05-25 14:04:50', 6),
    (660, 542, 35.86044780612245, 128.5795182755102, '2025-05-25 14:04:55', 6),
    (661, 540, 35.861153836734694, 128.58021365306124, '2025-05-25 14:05:00', 6),
    (662, 530, 35.861859867346936, 128.58090903061225, '2025-05-25 14:05:05', 6),
    (663, 530, 35.862565897959186, 128.58160440816326, '2025-05-25 14:05:10', 6),
    (664, 530, 35.86327192857143, 128.5822997857143, '2025-05-25 14:05:15', 6),
    (665, 530, 35.86397795918367, 128.5829951632653, '2025-05-25 14:05:20', 6),
    (666, 530, 35.86468398979592, 128.58369054081632, '2025-05-25 14:05:25', 6),
    (667, 530, 35.865390020408164, 128.58438591836736, '2025-05-25 14:05:30', 6),
    (668, 528, 35.866096051020406, 128.58508129591837, '2025-05-25 14:05:35', 6),
    (669, 527, 35.866802081632656, 128.58577667346938, '2025-05-25 14:05:40', 6),
    (670, 530, 35.8675081122449, 128.58647205102042, '2025-05-25 14:05:45', 6),
    (671, 530, 35.86821414285714, 128.58716742857143, '2025-05-25 14:05:50', 6),
    (672, 524, 35.868920173469384, 128.58786280612244, '2025-05-25 14:05:55', 6),
    (673, 520, 35.869626204081634, 128.58855818367348, '2025-05-25 14:06:00', 6),
    (674, 518, 35.870332234693876, 128.5892535612245, '2025-05-25 14:06:05', 6),
    (675, 497, 35.87103826530612, 128.5899489387755, '2025-05-25 14:06:10', 6),
    (676, 460, 35.87174429591837, 128.59064431632652, '2025-05-25 14:06:15', 6),
    (677, 454, 35.87245032653061, 128.59133969387756, '2025-05-25 14:06:20', 6),
    (678, 450, 35.873156357142854, 128.59203507142857, '2025-05-25 14:06:25', 6),
    (679, 450, 35.8738623877551, 128.59273044897958, '2025-05-25 14:06:30', 6),
    (680, 450, 35.874568418367346, 128.59342582653062, '2025-05-25 14:06:35', 6),
    (681, 450, 35.87527444897959, 128.59412120408163, '2025-05-25 14:06:40', 6),
    (682, 450, 35.87598047959184, 128.59481658163264, '2025-05-25 14:06:45', 6),
    (683, 443, 35.87668651020408, 128.59551195918368, '2025-05-25 14:06:50', 6),
    (684, 440, 35.877392540816324, 128.5962073367347, '2025-05-25 14:06:55', 6),
    (685, 440, 35.87809857142857, 128.5969027142857, '2025-05-25 14:07:00', 6),
    (686, 443, 35.878804602040816, 128.59759809183674, '2025-05-25 14:07:05', 6),
    (687, 420, 35.87951063265306, 128.59829346938776, '2025-05-25 14:07:10', 6),
    (688, 414, 35.88021666326531, 128.59898884693877, '2025-05-25 14:07:15', 6),
    (689, 400, 35.88092269387755, 128.5996842244898, '2025-05-25 14:07:20', 6),
    (690, 400, 35.881628724489794, 128.60037960204082, '2025-05-25 14:07:25', 6),
    (691, 383, 35.882334755102036, 128.60107497959183, '2025-05-25 14:07:30', 6),
    (692, 390, 35.883040785714286, 128.60177035714287, '2025-05-25 14:07:35', 6),
    (693, 390, 35.88374681632653, 128.60246573469388, '2025-05-25 14:07:40', 6),
    (694, 379, 35.88445284693877, 128.6031611122449, '2025-05-25 14:07:45', 6),
    (695, 350, 35.88515887755102, 128.60385648979593, '2025-05-25 14:07:50', 6),
    (696, 328, 35.88586490816326, 128.60455186734694, '2025-05-25 14:07:55', 6),
    (697, 301, 35.886570938775506, 128.60524724489795, '2025-05-25 14:08:00', 6),
    (698, 263, 35.887276969387756, 128.605942622449, '2025-05-25 14:08:05', 6),
    (699, 220, 35.887983, 128.606638, '2025-05-25 14:08:10', 6),

    -- 영남대학교 병원 → 경북대학교 병원  --
    (701, 140, 35.846501, 128.586149, '2025-05-25 14:00:00', 7),
    (702, 180, 35.847394581967215, 128.58597024590165, '2025-05-25 14:00:05', 7),
    (703, 214, 35.84828816393443, 128.5857914918033, '2025-05-25 14:00:10', 7),
    (704, 242, 35.849181745901646, 128.58561273770493, '2025-05-25 14:00:15', 7),
    (705, 280, 35.85007532786886, 128.58543398360658, '2025-05-25 14:00:20', 7),
    (706, 304, 35.85096890983607, 128.5852552295082, '2025-05-25 14:00:25', 7),
    (707, 344, 35.85186249180328, 128.58507647540983, '2025-05-25 14:00:30', 7),
    (708, 373, 35.85275607377049, 128.58489772131148, '2025-05-25 14:00:35', 7),
    (709, 401, 35.853649655737705, 128.58471896721312, '2025-05-25 14:00:40', 7),
    (710, 412, 35.854543237704924, 128.58454021311476, '2025-05-25 14:00:45', 7),
    (711, 410, 35.855436819672136, 128.5843614590164, '2025-05-25 14:00:50', 7),
    (712, 410, 35.85633040163935, 128.58418270491805, '2025-05-25 14:00:55', 7),
    (713, 410, 35.85722398360656, 128.5840039508197, '2025-05-25 14:01:00', 7),
    (714, 410, 35.85811756557377, 128.5838251967213, '2025-05-25 14:01:05', 7),
    (715, 410, 35.85901114754099, 128.58364644262295, '2025-05-25 14:01:10', 7),
    (716, 420, 35.8599047295082, 128.5834676885246, '2025-05-25 14:01:15', 7),
    (717, 443, 35.86079831147541, 128.58328893442624, '2025-05-25 14:01:20', 7),
    (718, 450, 35.861691893442625, 128.58311018032788, '2025-05-25 14:01:25', 7),
    (719, 450, 35.86258547540984, 128.58293142622952, '2025-05-25 14:01:30', 7),
    (720, 450, 35.86347905737705, 128.58275267213116, '2025-05-25 14:01:35', 7),
    (721, 450, 35.86437263934427, 128.5825739180328, '2025-05-25 14:01:40', 7),
    (722, 450, 35.86526622131148, 128.58239516393442, '2025-05-25 14:01:45', 7),
    (723, 450, 35.86615980327869, 128.58221640983606, '2025-05-25 14:01:50', 7),
    (724, 450, 35.8670533852459, 128.5820376557377, '2025-05-25 14:01:55', 7),
    (725, 445, 35.867946967213115, 128.58185890163935, '2025-05-25 14:02:00', 7),
    (726, 450, 35.868840549180334, 128.581680147541, '2025-05-25 14:02:05', 7),
    (727, 450, 35.869734131147545, 128.58150139344264, '2025-05-25 14:02:10', 7),
    (728, 455, 35.87062771311476, 128.58132263934428, '2025-05-25 14:02:15', 7),
    (729, 480, 35.87152129508197, 128.58114388524592, '2025-05-25 14:02:20', 7),
    (730, 480, 35.87241487704918, 128.58096513114754, '2025-05-25 14:02:25', 7),
    (731, 480, 35.87330845901639, 128.58078637704918, '2025-05-25 14:02:30', 7),
    (732, 480, 35.87420204098361, 128.58060762295082, '2025-05-25 14:02:35', 7),
    (733, 480, 35.87509562295082, 128.58042886885247, '2025-05-25 14:02:40', 7),
    (734, 480, 35.875989204918035, 128.5802501147541, '2025-05-25 14:02:45', 7),
    (735, 480, 35.87688278688525, 128.58007136065575, '2025-05-25 14:02:50', 7),
    (736, 480, 35.87777636885246, 128.5798926065574, '2025-05-25 14:02:55', 7),
    (737, 490, 35.87866995081967, 128.57971385245904, '2025-05-25 14:03:00', 7),
    (738, 494, 35.87956353278689, 128.57953509836065, '2025-05-25 14:03:05', 7),
    (739, 500, 35.8804571147541, 128.5793563442623, '2025-05-25 14:03:10', 7),
    (740, 500, 35.88135069672131, 128.57917759016394, '2025-05-25 14:03:15', 7),
    (741, 500, 35.882244278688525, 128.57899883606558, '2025-05-25 14:03:20', 7),
    (742, 503, 35.88313786065574, 128.57882008196722, '2025-05-25 14:03:25', 7),
    (743, 500, 35.884031442622955, 128.57864132786887, '2025-05-25 14:03:30', 7),
    (744, 500, 35.88492502459017, 128.5784625737705, '2025-05-25 14:03:35', 7),
    (745, 500, 35.88581860655738, 128.57828381967215, '2025-05-25 14:03:40', 7),
    (746, 500, 35.88671218852459, 128.57810506557377, '2025-05-25 14:03:45', 7),
    (747, 500, 35.8876057704918, 128.5779263114754, '2025-05-25 14:03:50', 7),
    (748, 502, 35.888499352459014, 128.57774755737705, '2025-05-25 14:03:55', 7),
    (749, 498, 35.88939293442623, 128.5775688032787, '2025-05-25 14:04:00', 7),
    (750, 497, 35.890286516393445, 128.57739004918034, '2025-05-25 14:04:05', 7),
    (751, 500, 35.89118009836066, 128.57721129508198, '2025-05-25 14:04:10', 7),
    (752, 500, 35.89207368032787, 128.57703254098362, '2025-05-25 14:04:15', 7),
    (753, 500, 35.89296726229508, 128.57685378688527, '2025-05-25 14:04:20', 7),
    (754, 512, 35.8938608442623, 128.57667503278688, '2025-05-25 14:04:25', 7),
    (755, 515, 35.89475442622951, 128.57649627868852, '2025-05-25 14:04:30', 7),
    (756, 520, 35.89564800819672, 128.57631752459017, '2025-05-25 14:04:35', 7),
    (757, 520, 35.896541590163935, 128.5761387704918, '2025-05-25 14:04:40', 7),
    (758, 520, 35.897435172131146, 128.57596001639345, '2025-05-25 14:04:45', 7),
    (759, 520, 35.89832875409836, 128.5757812622951, '2025-05-25 14:04:50', 7),
    (760, 520, 35.89922233606558, 128.57560250819674, '2025-05-25 14:04:55', 7),
    (761, 515, 35.90011591803279, 128.57542375409838, '2025-05-25 14:05:00', 7),
    (762, 517, 35.9010095, 128.575245, '2025-05-25 14:05:05', 7),
    (763, 520, 35.90190308196721, 128.57506624590164, '2025-05-25 14:05:10', 7),
    (764, 520, 35.902796663934424, 128.57488749180328, '2025-05-25 14:05:15', 7),
    (765, 520, 35.90369024590164, 128.57470873770492, '2025-05-25 14:05:20', 7),
    (766, 520, 35.904583827868855, 128.57452998360657, '2025-05-25 14:05:25', 7),
    (767, 520, 35.90547740983607, 128.5743512295082, '2025-05-25 14:05:30', 7),
    (768, 520, 35.90637099180328, 128.57417247540985, '2025-05-25 14:05:35', 7),
    (769, 511, 35.90726457377049, 128.5739937213115, '2025-05-25 14:05:40', 7),
    (770, 510, 35.9081581557377, 128.57381496721314, '2025-05-25 14:05:45', 7),
    (771, 510, 35.90905173770492, 128.57363621311475, '2025-05-25 14:05:50', 7),
    (772, 510, 35.90994531967213, 128.5734574590164, '2025-05-25 14:05:55', 7),
    (773, 510, 35.910838901639345, 128.57327870491804, '2025-05-25 14:06:00', 7),
    (774, 510, 35.911732483606556, 128.57309995081968, '2025-05-25 14:06:05', 7),
    (775, 510, 35.91262606557377, 128.57292119672132, '2025-05-25 14:06:10', 7),
    (776, 510, 35.91351964754099, 128.57274244262297, '2025-05-25 14:06:15', 7),
    (777, 510, 35.9144132295082, 128.5725636885246, '2025-05-25 14:06:20', 7),
    (778, 510, 35.91530681147541, 128.57238493442625, '2025-05-25 14:06:25', 7),
    (779, 502, 35.91620039344262, 128.57220618032787, '2025-05-25 14:06:30', 7),
    (780, 500, 35.917093975409834, 128.5720274262295, '2025-05-25 14:06:35', 7),
    (781, 500, 35.917987557377046, 128.57184867213115, '2025-05-25 14:06:40', 7),
    (782, 500, 35.918881139344265, 128.5716699180328, '2025-05-25 14:06:45', 7),
    (783, 500, 35.91977472131148, 128.57149116393444, '2025-05-25 14:06:50', 7),
    (784, 500, 35.92066830327869, 128.57131240983608, '2025-05-25 14:06:55', 7),
    (785, 490, 35.9215618852459, 128.57113365573773, '2025-05-25 14:07:00', 7),
    (786, 484, 35.92245546721311, 128.57095490163937, '2025-05-25 14:07:05', 7),
    (787, 480, 35.92334904918033, 128.57077614754098, '2025-05-25 14:07:10', 7),
    (788, 480, 35.92424263114754, 128.57059739344263, '2025-05-25 14:07:15', 7),
    (789, 480, 35.925136213114754, 128.57041863934427, '2025-05-25 14:07:20', 7),
    (790, 480, 35.926029795081966, 128.5702398852459, '2025-05-25 14:07:25', 7),
    (791, 474, 35.92692337704918, 128.57006113114755, '2025-05-25 14:07:30', 7),
    (792, 480, 35.92781695901639, 128.5698823770492, '2025-05-25 14:07:35', 7),
    (793, 480, 35.92871054098361, 128.56970362295084, '2025-05-25 14:07:40', 7),
    (794, 471, 35.92960412295082, 128.56952486885248, '2025-05-25 14:07:45', 7),
    (795, 460, 35.93049770491803, 128.5693461147541, '2025-05-25 14:07:50', 7),
    (796, 460, 35.931391286885244, 128.56916736065574, '2025-05-25 14:07:55', 7),
    (797, 460, 35.932284868852456, 128.56898860655738, '2025-05-25 14:08:00', 7),
    (798, 460, 35.93317845081967, 128.56880985245903, '2025-05-25 14:08:05', 7),
    (799, 460, 35.93407203278689, 128.56863109836067, '2025-05-25 14:08:10', 7),
    (800, 442, 35.9349656147541, 128.5684523442623, '2025-05-25 14:08:15', 7),
    (801, 423, 35.93585919672131, 128.56827359016395, '2025-05-25 14:08:20', 7),
    (802, 420, 35.93675277868852, 128.5680948360656, '2025-05-25 14:08:25', 7),
    (803, 420, 35.937646360655734, 128.5679160819672, '2025-05-25 14:08:30', 7),
    (804, 408, 35.93853994262295, 128.56773732786885, '2025-05-25 14:08:35', 7),
    (805, 400, 35.939433524590164, 128.5675585737705, '2025-05-25 14:08:40', 7),
    (806, 400, 35.940327106557376, 128.56737981967214, '2025-05-25 14:08:45', 7),
    (807, 400, 35.94122068852459, 128.56720106557378, '2025-05-25 14:08:50', 7),
    (808, 383, 35.9421142704918, 128.56702231147543, '2025-05-25 14:08:55', 7),
    (809, 370, 35.94300785245901, 128.56684355737707, '2025-05-25 14:09:00', 7),
    (810, 354, 35.94390143442623, 128.5666648032787, '2025-05-25 14:09:05', 7),
    (811, 350, 35.94479501639344, 128.56648604918033, '2025-05-25 14:09:10', 7),
    (812, 332, 35.945688598360654, 128.56630729508197, '2025-05-25 14:09:15', 7),
    (813, 320, 35.946582180327866, 128.5661285409836, '2025-05-25 14:09:20', 7),
    (814, 320, 35.94747576229508, 128.56594978688526, '2025-05-25 14:09:25', 7),
    (815, 320, 35.9483693442623, 128.5657710327869, '2025-05-25 14:09:30', 7),
    (816, 320, 35.94926292622951, 128.56559227868854, '2025-05-25 14:09:35', 7),
    (817, 284, 35.95015650819672, 128.56541352459018, '2025-05-25 14:09:40', 7),
    (818, 270, 35.95105009016393, 128.56523477049183, '2025-05-25 14:09:45', 7),
    (819, 255, 35.951943672131144, 128.56505601639344, '2025-05-25 14:09:50', 7),
    (820, 243, 35.952837254098355, 128.56487726229508, '2025-05-25 14:09:55', 7),
    (821, 220, 35.953730836065574, 128.56469850819673, '2025-05-25 14:10:00', 7),
    (822, 198, 35.954624418032786, 128.56451975409837, '2025-05-25 14:10:05', 7),
    (823, 160, 35.955518, 128.564341, '2025-05-25 14:10:10', 7),

    -- 대구보훈병원 → 계명대학교 동산병원 --
    (901, 130, 35.803156, 128.551547, '2025-05-25 14:00:00', 9),
    (902, 154, 35.80399788607595, 128.55194570886076, '2025-05-25 14:00:05', 9),
    (903, 170, 35.8048397721519, 128.5523444177215, '2025-05-25 14:00:10', 9),
    (904, 199, 35.80568165822785, 128.55274312658227, '2025-05-25 14:00:15', 9),
    (905, 220, 35.8065235443038, 128.55314183544303, '2025-05-25 14:00:20', 9),
    (906, 245, 35.80736543037975, 128.5535405443038, '2025-05-25 14:00:25', 9),
    (907, 275, 35.8082073164557, 128.55393925316454, '2025-05-25 14:00:30', 9),
    (908, 280, 35.80904920253165, 128.55433796202533, '2025-05-25 14:00:35', 9),
    (909, 280, 35.80989108860759, 128.5547366708861, '2025-05-25 14:00:40', 9),
    (910, 280, 35.810732974683546, 128.55513537974684, '2025-05-25 14:00:45', 9),
    (911, 298, 35.81157486075949, 128.5555340886076, '2025-05-25 14:00:50', 9),
    (912, 300, 35.812416746835446, 128.55593279746836, '2025-05-25 14:00:55', 9),
    (913, 300, 35.81325863291139, 128.55633150632912, '2025-05-25 14:01:00', 9),
    (914, 300, 35.814100518987345, 128.55673021518987, '2025-05-25 14:01:05', 9),
    (915, 300, 35.81494240506329, 128.55712892405063, '2025-05-25 14:01:10', 9),
    (916, 300, 35.81578429113924, 128.5575276329114, '2025-05-25 14:01:15', 9),
    (917, 334, 35.81662617721519, 128.55792634177214, '2025-05-25 14:01:20', 9),
    (918, 356, 35.81746806329114, 128.5583250506329, '2025-05-25 14:01:25', 9),
    (919, 350, 35.81830994936709, 128.55872375949366, '2025-05-25 14:01:30', 9),
    (920, 350, 35.81915183544304, 128.55912246835442, '2025-05-25 14:01:35', 9),
    (921, 350, 35.81999372151899, 128.5595211772152, '2025-05-25 14:01:40', 9),
    (922, 350, 35.82083560759494, 128.55991988607596, '2025-05-25 14:01:45', 9),
    (923, 384, 35.82167749367088, 128.56031859493672, '2025-05-25 14:01:50', 9),
    (924, 391, 35.822519379746836, 128.56071730379747, '2025-05-25 14:01:55', 9),
    (925, 400, 35.82336126582278, 128.56111601265823, '2025-05-25 14:02:00', 9),
    (926, 400, 35.824203151898736, 128.561514721519, '2025-05-25 14:02:05', 9),
    (927, 400, 35.82504503797468, 128.56191343037975, '2025-05-25 14:02:10', 9),
    (928, 400, 35.825886924050636, 128.5623121392405, '2025-05-25 14:02:15', 9),
    (929, 400, 35.82672881012658, 128.56271084810126, '2025-05-25 14:02:20', 9),
    (930, 424, 35.82757069620253, 128.56310955696202, '2025-05-25 14:02:25', 9),
    (931, 430, 35.82841258227848, 128.56350826582278, '2025-05-25 14:02:30', 9),
    (932, 430, 35.82925446835443, 128.56390697468353, '2025-05-25 14:02:35', 9),
    (933, 430, 35.83009635443038, 128.5643056835443, '2025-05-25 14:02:40', 9),
    (934, 430, 35.83093824050633, 128.56470439240508, '2025-05-25 14:02:45', 9),
    (935, 430, 35.83178012658228, 128.56510310126583, '2025-05-25 14:02:50', 9),
    (936, 434, 35.83262201265823, 128.5655018101266, '2025-05-25 14:02:55', 9),
    (937, 452, 35.83346389873417, 128.56590051898735, '2025-05-25 14:03:00', 9),
    (938, 450, 35.83430578481013, 128.5662992278481, '2025-05-25 14:03:05', 9),
    (939, 450, 35.83514767088607, 128.56669793670886, '2025-05-25 14:03:10', 9),
    (940, 450, 35.835989556962026, 128.56709664556962, '2025-05-25 14:03:15', 9),
    (941, 450, 35.83683144303797, 128.56749535443038, '2025-05-25 14:03:20', 9),
    (942, 450, 35.837673329113926, 128.56789406329113, '2025-05-25 14:03:25', 9),
    (943, 454, 35.83851521518987, 128.5682927721519, '2025-05-25 14:03:30', 9),
    (944, 450, 35.839357101265826, 128.56869148101265, '2025-05-25 14:03:35', 9),
    (945, 430, 35.84019898734177, 128.5690901898734, '2025-05-25 14:03:40', 9),
    (946, 430, 35.84104087341772, 128.56948889873416, '2025-05-25 14:03:45', 9),
    (947, 430, 35.84188275949367, 128.56988760759492, '2025-05-25 14:03:50', 9),
    (948, 430, 35.84272464556962, 128.5702863164557, '2025-05-25 14:03:55', 9),
    (949, 430, 35.84356653164557, 128.57068502531646, '2025-05-25 14:04:00', 9),
    (950, 412, 35.84440841772152, 128.57108373417722, '2025-05-25 14:04:05', 9),
    (951, 410, 35.84525030379747, 128.57148244303798, '2025-05-25 14:04:10', 9),
    (952, 410, 35.84609218987342, 128.57188115189874, '2025-05-25 14:04:15', 9),
    (953, 410, 35.84693407594936, 128.5722798607595, '2025-05-25 14:04:20', 9),
    (954, 410, 35.84777596202532, 128.57267856962025, '2025-05-25 14:04:25', 9),
    (955, 400, 35.84861784810126, 128.573077278481, '2025-05-25 14:04:30', 9),
    (956, 400, 35.849459734177216, 128.57347598734177, '2025-05-25 14:04:35', 9),
    (957, 400, 35.85030162025316, 128.57387469620252, '2025-05-25 14:04:40', 9),
    (958, 385, 35.851143506329116, 128.57427340506328, '2025-05-25 14:04:45', 9),
    (959, 380, 35.85198539240506, 128.57467211392404, '2025-05-25 14:04:50', 9),
    (960, 380, 35.85282727848101, 128.5750708227848, '2025-05-25 14:04:55', 9),
    (961, 380, 35.85366916455696, 128.57546953164558, '2025-05-25 14:05:00', 9),
    (962, 380, 35.85451105063291, 128.57586824050634, '2025-05-25 14:05:05', 9),
    (963, 380, 35.85535293670886, 128.5762669493671, '2025-05-25 14:05:10', 9),
    (964, 354, 35.85619482278481, 128.57666565822785, '2025-05-25 14:05:15', 9),
    (965, 350, 35.85703670886076, 128.5770643670886, '2025-05-25 14:05:20', 9),
    (966, 350, 35.85787859493671, 128.57746307594937, '2025-05-25 14:05:25', 9),
    (967, 355, 35.858720481012654, 128.57786178481012, '2025-05-25 14:05:30', 9),
    (968, 350, 35.85956236708861, 128.57826049367088, '2025-05-25 14:05:35', 9),
    (969, 350, 35.86040425316455, 128.57865920253164, '2025-05-25 14:05:40', 9),
    (970, 323, 35.86124613924051, 128.5790579113924, '2025-05-25 14:05:45', 9),
    (971, 320, 35.86208802531645, 128.57945662025315, '2025-05-25 14:05:50', 9),
    (972, 300, 35.862929911392406, 128.5798553291139, '2025-05-25 14:05:55', 9),
    (973, 285, 35.86377179746835, 128.58025403797467, '2025-05-25 14:06:00', 9),
    (974, 280, 35.8646136835443, 128.58065274683545, '2025-05-25 14:06:05', 9),
    (975, 256, 35.86545556962025, 128.5810514556962, '2025-05-25 14:06:10', 9),
    (976, 232, 35.8662974556962, 128.58145016455697, '2025-05-25 14:06:15', 9),
    (977, 210, 35.86713934177215, 128.58184887341773, '2025-05-25 14:06:20', 9),
    (978, 186, 35.8679812278481, 128.58224758227848, '2025-05-25 14:06:25', 9),
    (979, 154, 35.86882311392405, 128.58264629113924, '2025-05-25 14:06:30', 9),
    (980, 130, 35.869665, 128.583045, '2025-05-25 14:06:35', 9),

    -- 범어역 → 영남대학교 병원 --
    (1001, 140, 35.865859, 128.593183, '2025-05-25 14:05:00', 10),
    (1002, 180, 35.86497909090909, 128.59286327272727, '2025-05-25 14:05:05', 10),
    (1003, 226, 35.86409918181818, 128.59254354545456, '2025-05-25 14:05:10', 10),
    (1004, 264, 35.86321927272727, 128.59222381818182, '2025-05-25 14:05:15', 10),
    (1005, 290, 35.862339363636366, 128.5919040909091, '2025-05-25 14:05:20', 10),
    (1006, 323, 35.861459454545454, 128.59158436363637, '2025-05-25 14:05:25', 10),
    (1007, 350, 35.86057954545455, 128.59126463636363, '2025-05-25 14:05:30', 10),
    (1008, 350, 35.859699636363636, 128.59094490909092, '2025-05-25 14:05:35', 10),
    (1009, 350, 35.85881972727273, 128.59062518181818, '2025-05-25 14:05:40', 10),
    (1010, 387, 35.85793981818182, 128.59030545454547, '2025-05-25 14:05:45', 10),
    (1011, 400, 35.857059909090914, 128.58998572727273, '2025-05-25 14:05:50', 10),
    (1012, 400, 35.85618, 128.589666, '2025-05-25 14:05:55', 10),
    (1013, 400, 35.85530009090909, 128.58934627272728, '2025-05-25 14:06:00', 10),
    (1014, 400, 35.854420181818185, 128.58902654545454, '2025-05-25 14:06:05', 10),
    (1015, 400, 35.85354027272727, 128.58870681818183, '2025-05-25 14:06:10', 10),
    (1016, 400, 35.85266036363637, 128.5883870909091, '2025-05-25 14:06:15', 10),
    (1017, 376, 35.851780454545455, 128.58806736363638, '2025-05-25 14:06:20', 10),
    (1018, 348, 35.85090054545455, 128.58774763636364, '2025-05-25 14:06:25', 10),
    (1019, 310, 35.85002063636364, 128.5874279090909, '2025-05-25 14:06:30', 10),
    (1020, 287, 35.84914072727273, 128.5871081818182, '2025-05-25 14:06:35', 10),
    (1021, 246, 35.84826081818182, 128.58678845454546, '2025-05-25 14:06:40', 10),
    (1022, 203, 35.847380909090916, 128.58646872727275, '2025-05-25 14:06:45', 10),
    (1023, 160, 35.846501, 128.586149, '2025-05-25 14:06:50', 10),

    -- 계명대학교 대운동장 → 상인역 --
    (1101, 160, 35.853643, 128.48783, '2025-05-25 14:00:00', 11),
    (1102, 198, 35.853052305084745, 128.48868866101697, '2025-05-25 14:00:05', 11),
    (1103, 230, 35.85246161016949, 128.4895473220339, '2025-05-25 14:00:10', 11),
    (1104, 240, 35.85187091525424, 128.49040598305086, '2025-05-25 14:00:15', 11),
    (1105, 276, 35.85128022033898, 128.4912646440678, '2025-05-25 14:00:20', 11),
    (1106, 300, 35.850689525423725, 128.49212330508476, '2025-05-25 14:00:25', 11),
    (1107, 300, 35.85009883050847, 128.4929819661017, '2025-05-25 14:00:30', 11),
    (1108, 300, 35.84950813559322, 128.49384062711866, '2025-05-25 14:00:35', 11),
    (1109, 300, 35.848917440677965, 128.4946992881356, '2025-05-25 14:00:40', 11),
    (1110, 300, 35.84832674576271, 128.49555794915256, '2025-05-25 14:00:45', 11),
    (1111, 338, 35.84773605084746, 128.4964166101695, '2025-05-25 14:00:50', 11),
    (1112, 380, 35.847145355932206, 128.49727527118645, '2025-05-25 14:00:55', 11),
    (1113, 399, 35.846654661016945, 128.4981339322034, '2025-05-25 14:01:00', 11),
    (1114, 400, 35.84606396610169, 128.49899259322035, '2025-05-25 14:01:05', 11),
    (1115, 400, 35.84547327118644, 128.49985125423729, '2025-05-25 14:01:10', 11),
    (1116, 403, 35.844882576271186, 128.50070991525425, '2025-05-25 14:01:15', 11),
    (1117, 400, 35.84429188135593, 128.50156857627118, '2025-05-25 14:01:20', 11),
    (1118, 400, 35.84350118644068, 128.50242723728815, '2025-05-25 14:01:25', 11),
    (1119, 420, 35.843110491525426, 128.50328589830508, '2025-05-25 14:01:30', 11),
    (1120, 454, 35.842419796610166, 128.50414455932204, '2025-05-25 14:01:35', 11),
    (1121, 460, 35.84182910169491, 128.50500322033898, '2025-05-25 14:01:40', 11),
    (1122, 488, 35.84123840677966, 128.50586188135594, '2025-05-25 14:01:45', 11),
    (1123, 500, 35.840647711864406, 128.50672054237288, '2025-05-25 14:01:50', 11),
    (1124, 500, 35.84005701694915, 128.50757920338984, '2025-05-25 14:01:55', 11),
    (1125, 500, 35.8394663220339, 128.50843786440677, '2025-05-25 14:02:00', 11),
    (1126, 500, 35.83887562711865, 128.50929652542374, '2025-05-25 14:02:05', 11),
    (1127, 503, 35.838284932203386, 128.51015518644067, '2025-05-25 14:02:10', 11),
    (1128, 500, 35.83769423728813, 128.51101384745763, '2025-05-25 14:02:15', 11),
    (1129, 532, 35.83710354237288, 128.51187250847457, '2025-05-25 14:02:20', 11),
    (1130, 550, 35.83651284745763, 128.51273116949153, '2025-05-25 14:02:25', 11),
    (1131, 550, 35.83592215254237, 128.51358983050847, '2025-05-25 14:02:30', 11),
    (1132, 560, 35.83533145762712, 128.51444849152543, '2025-05-25 14:02:35', 11),
    (1133, 560, 35.83474076271187, 128.51530715254236, '2025-05-25 14:02:40', 11),
    (1134, 560, 35.834150067796614, 128.51616581355933, '2025-05-25 14:02:45', 11),
    (1135, 560, 35.83355937288135, 128.51702447457626, '2025-05-25 14:02:50', 11),
    (1136, 565, 35.8329686779661, 128.51788313559322, '2025-05-25 14:02:55', 11),
    (1137, 555, 35.83237798305085, 128.51874179661016, '2025-05-25 14:03:00', 11),
    (1138, 540, 35.831787288135594, 128.51960045762712, '2025-05-25 14:03:05', 11),
    (1139, 540, 35.83119659322034, 128.52045911864406, '2025-05-25 14:03:10', 11),
    (1140, 520, 35.83060589830509, 128.52131777966102, '2025-05-25 14:03:15', 11),
    (1141, 520, 35.830015203389834, 128.52217644067795, '2025-05-25 14:03:20', 11),
    (1142, 503, 35.829424508474574, 128.52303510169492, '2025-05-25 14:03:25', 11),
    (1143, 500, 35.82883381355932, 128.52389376271185, '2025-05-25 14:03:30', 11),
    (1144, 483, 35.82824311864407, 128.5247524237288, '2025-05-25 14:03:35', 11),
    (1145, 450, 35.827652423728814, 128.52561108474575, '2025-05-25 14:03:40', 11),
    (1146, 450, 35.82706172881356, 128.5264697457627, '2025-05-25 14:03:45', 11),
    (1147, 424, 35.82647103389831, 128.52732840677965, '2025-05-25 14:03:50', 11),
    (1148, 400, 35.825880338983055, 128.5281870677966, '2025-05-25 14:03:55', 11),
    (1149, 372, 35.825289644067794, 128.52904572881354, '2025-05-25 14:04:00', 11),
    (1150, 366, 35.82469894915254, 128.5299043898305, '2025-05-25 14:04:05', 11),
    (1151, 350, 35.82410825423729, 128.53076305084744, '2025-05-25 14:04:10', 11),
    (1152, 316, 35.823517559322035, 128.5316217118644, '2025-05-25 14:04:15', 11),
    (1153, 300, 35.82292686440678, 128.53248037288134, '2025-05-25 14:04:20', 11),
    (1154, 274, 35.82233616949153, 128.5333390338983, '2025-05-25 14:04:25', 11),
    (1155, 252, 35.821745474576275, 128.53419769491524, '2025-05-25 14:04:30', 11),
    (1156, 220, 35.82115477966102, 128.5350563559322, '2025-05-25 14:04:35', 11),
    (1157, 200, 35.82056408474576, 128.53591501694913, '2025-05-25 14:04:40', 11),
    (1158, 186, 35.81997338983051, 128.5367736779661, '2025-05-25 14:04:45', 11),
    (1159, 162, 35.819382694915255, 128.53763233898303, '2025-05-25 14:04:50', 11),
    (1160, 120, 35.818792, 128.538491, '2025-05-25 14:04:55', 11);