insert into flight_schedule(id, arrival_time, departure_time)
values (1, '2023-04-20 11:31:14.982873', '2023-04-20 11:31:14.982873'),
       (2, '2023-04-20 11:31:14.982873', '2023-04-20 11:31:14.982873');

insert into way_point(id, altitude, latitude, longitude, flight_schedule_id)
values (1, 100, 128.601445, 35.871435, 1),
       (2, 200, 128.601445, 35.871435, 1),
       (3, 300, 128.601445, 35.871435, 1),
       (4, 400, 128.601445, 35.871435, 1),
       (5, 500, 128.601445, 35.871435, 1),
       (6, 600, 128.601445, 35.871435, 2),
       (7, 700, 128.601445, 35.871435, 2),
       (8, 800, 128.601445, 35.871435, 2),
       (9, 900, 128.601445, 35.871435, 2),
       (10, 1000, 128.601445, 35.871435, 2);

insert into vertiport(id, latitude, longitude, name, flight_schedule_id, vertiports_key)
values (1, 128.601445, 35.871435, 'vertiport-A', 1, 'DEPARTURE'),
       (2, 128.601445, 35.871435, 'vertiport-B', 1, 'ARRIVAL'),
       (3, 128.601445, 35.871435, 'vertiport-A', 2, 'DEPARTURE'),
       (4, 128.601445, 35.871435, 'vertiport-C', 2, 'ARRIVAL');

-- <UAM> --
insert into uam (id, flight_schedule_id, uam_identifier)
values (1, 1, 'BKDG001');

insert into real_time_point(id, altitude, latitude, longitude, time, uam_id)
values
    -- 경북대학교 대운동장 -> 동대구역 광장 --
       (1, 200, 35.887983, 128.606638, '2025-05-25 14:00:00', 1),
       (2, 250, 35.88757128571429, 128.60763885714286, '2025-05-25 14:00:05', 1),
       (3, 300, 35.88715957142857, 128.60863971428572, '2025-05-25 14:00:10', 1),
       (4, 350, 35.88674785714286, 128.60964057142857, '2025-05-25 14:00:15', 1),
       (5, 400, 35.88633614285714, 128.61064142857143, '2025-05-25 14:00:20', 1),
       (6, 450, 35.88592442857143, 128.61164228571428, '2025-05-25 14:00:25', 1),
       (7, 500, 35.88551271428571, 128.61264314285714, '2025-05-25 14:00:30', 1),
       (8, 500, 35.885101, 128.613644, '2025-05-25 14:00:35', 1),
       (9, 500, 35.88468928571429, 128.61464485714285, '2025-05-25 14:00:40', 1),
       (10, 520, 35.88427757142857, 128.6156457142857, '2025-05-25 14:00:45', 1),
       (11, 510, 35.88386585714286, 128.61664657142856, '2025-05-25 14:00:50', 1),
       (12, 500, 35.88345414285714, 128.61764742857144, '2025-05-25 14:00:55', 1),
       (13, 500, 35.88304242857143, 128.6186482857143, '2025-05-25 14:01:00', 1),
       (14, 500, 35.88263071428571, 128.61964914285716, '2025-05-25 14:01:05', 1),
       (15, 520, 35.882219, 128.62065, '2025-05-25 14:01:10', 1),
       (16, 515, 35.88180728571429, 128.62165085714287, '2025-05-25 14:01:15', 1),
       (17, 450, 35.88139557142857, 128.62265171428572, '2025-05-25 14:01:20', 1),
       (18, 440, 35.88098385714286, 128.62365257142858, '2025-05-25 14:01:25', 1),
       (19, 400, 35.88057214285714, 128.62465342857143, '2025-05-25 14:01:30', 1),
       (20, 340, 35.88016042857143, 128.6256542857143, '2025-05-25 14:01:35', 1),
       (21, 200, 128.627656, 35.879337, '2025-05-25 14:01:45', 1);